alignment,n_trades,wins,losses,winrate_pct,pnl_sum,pnl_mean,pnl_median,avg_whale_score
aligned,4.0,3.0,1.0,75.0,1.0314207313423607,0.25785518283559017,0.3403355551528488,0.8973675340185537
no_whale,15.0,7.0,8.0,46.666666666666664,-0.14907614370738792,-0.009938409580492528,-0.0965982912437777,0.0
opposed,6.0,1.0,5.0,16.666666666666664,-1.0892171183772605,-0.18153618639621008,-0.1688683877464526,0.8427173670637225
