side,n_trades,wins,losses,winrate_pct,pnl_sum,pnl_mean,pnl_median,avg_whale_score
long,25.0,11.0,14.0,44.0,-0.20687253074228765,-0.008274901229691507,-0.1192155215866536,0.345830973538262
