report,side,trades,pnl_sum,pnl_mean
by_side,long,108,2.2146160149645535,0.020505703842264383
